Accession Number,CH602_PROM2,A8G5W0_PROM2,A8G3Z4_PROM2,EFTU_PROM2,ATPB_PROM2,RPOC2_PROM2,RPOB_PROM2,A8G5E5_PROM2,PNP_PROM2,EFG_PROM2,A8G7B6_PROM2,ATPA_PROM2,A8G5F8_PROM2,A8G505_PROM2,A8G5W9_PROM2,A8G7K9_PROM2,A8G3R7_PROM2,SECA_PROM2,A8G2N4_PROM2,A8G671_PROM2,A8G4S5_PROM2,A8G210_PROM2,RPOC1_PROM2,A8G4C1_PROM2,A8G4G0_PROM2,RBL_PROM2,A8G3B8_PROM2,CH601_PROM2,A8G5W8_PROM2,PGK_PROM2,A8G5U8_PROM2,A8G4Q4_PROM2,SAHH_PROM2,A8G712_PROM2,A8G598_PROM2,IF2_PROM2,A8G6C0_PROM2,A8G697_PROM2,A8G2E9_PROM2,RPOA_PROM2,A8G2X6_PROM2,FBSB_PROM2,A8G3J8_PROM2,A8G2X3_PROM2,TIG_PROM2,CAPP_PROM2,A8G5C4_PROM2,A8G5D1_PROM2,A8G4G4_PROM2,A8G4X8_PROM2,GSA_PROM2,A8G224_PROM2,A8G5D2_PROM2,A8G4D8_PROM2,A8G3Y5_PROM2,A8G6G5_PROM2,A8G7E0_PROM2,GLGB_PROM2,A8G2N6_PROM2,A8G6G1_PROM2,A8G3B6_PROM2
Control_minusNi,0.446700508,0,0,0,0,0.898148148,0,0.066037736,0,0,0.032407407,0,0.092783505,0,0.004597701,0.666666667,1,0.080645161,0,0,0,0.62295082,0.653333333,0,0.409090909,0.85046729,0,0.75,0.894366197,0.129411765,0.972972973,0.333333333,0.041916168,0,0.261904762,0,1,0.85483871,0,0,0.182692308,0,0,0.051724138,0.263157895,0.25,0.862745098,0.159509202,0,0.075471698,0,0.62295082,0.8,0,0.239669421,0,0.289473684,0.256410256,0.063829787,0,0.09375
Control_plusNi,0.898477157,0.291851852,0.263043478,0.045346062,0.205533597,0,0.041666667,0,0.105882353,0.052631579,0,0.082125604,0,1,0,1,0,0,0.109792285,0.019933555,0.72,0,0,0.131086142,0,0,0.516393443,0,1,0,0.459459459,0,0,0.427272727,0,0.591836735,0.397260274,1,0.114942529,0.565656566,0.442307692,0.338164251,0.15625,0,0.578947368,0.458333333,0.058823529,0,0.05785124,0,0.134831461,1,0.36,1,0,1,1,0,0.14893617,0.927272727,0
Treatment_minusNi,1,1,1,1,1,1,1,1,1,1,1,1,1,0.741176471,1,0,0.666666667,1,1,1,1,1,1,1,1,1,1,1,0.612676056,1,1,1,1,1,1,0.489795918,0.630136986,0.516129032,1,1,1,1,1,1,1,1,1,1,1,1,1,0.409836066,1,0.391304348,1,0.28,0.315789474,1,1,1,1
Treatment_plusNi,0,0.394814815,0.438043478,0.68973747,0.541501976,0.101851852,0.283333333,0.452830189,0.417647059,0.568421053,0.541666667,0.304347826,0.340206186,0.352941176,0.645977011,0.142857143,0.111111111,0.85483871,0.771513353,0.441860465,0.12,0.532786885,0.146666667,0.752808989,0.113636364,0.037383178,0.778688525,0.140625,0,0.117647059,0,0.452380952,0.77245509,0.781818182,0.587301587,1,0,0,0.75862069,0.262626263,0,0.628019324,0.57421875,0.189655172,0,0,0,0.601226994,0.404958678,0.188679245,0.595505618,0,0,0.086956522,0.388429752,0.88,0,0.512820513,0,0.090909091,0.53125